Workbook

Sheet pivot
A1: picture | B1: (All)
B3: Values
A4: fruit | B4: Average of thickness_um | C4: Average of width | D4: Average of length | E4: Average of area | F4: Average of transp_1 | G4: Average of trans_2 | H4: Average of diff_perct
A5: 1 | B5: 3.74375 | C5: 6 | D5: 11 | E5: 66 | F5: 0.36 | G5: 0.29 | H5: -0.19444444
A6: 2 | B6: 4.076875 | C6: 8 | D6: 14 | E6: 112 | F6: 0.31 | G6: 0.31 | H6: 0
A7: 3 | B7: 5.143625 | C7: 6 | D7: 12 | E7: 72 | F7: 0.34 | G7: 0.29 | H7: -0.14705882
A8: 4 | B8: 4.00975 | C8: 8 | D8: 12 | E8: 96 | F8: 0.3 | G8: 0.28 | H8: -0.066666667
A9: Grand Total | B9: 4.2435 | C9: 7 | D9: 12.25 | E9: 86.5 | F9: 0.3275 | G9: 0.2925 | H9: -0.10204248
B12: =STDEV(G5:G8) -> 0.012583057

Sheet data
A2: fruit | B2: picture | C2: measurement | D2: thickness_um | E2: width | F2: length | G2: area | H2: transp_1 | I2: trans_2 | J2: diff_perct
A3: 1 | B3: 1 | C3: 1 | D3: 3.27 | E3: 6 | F3: 11 | G3: =E3*F3 -> 66 | H3: =VLOOKUP(A3,fruit_size!$A$2:$E$5,4,FALSE) -> 0.36 | I3: =VLOOKUP(A3,fruit_size!$A$2:$E$5,5,FALSE) -> 0.29 | J3: =(I3-H3)/H3 -> -0.19444444
A4: 1 | B4: 1 | C4: 2 | D4: 3.78 | E4: 6 | F4: 11 | G4: =E4*F4 -> 66 | H4: =VLOOKUP(A4,fruit_size!$A$2:$E$5,4,FALSE) -> 0.36 | I4: =VLOOKUP(A4,fruit_size!$A$2:$E$5,5,FALSE) -> 0.29 | J4: =(I4-H4)/H4 -> -0.19444444
A5: 1 | B5: 1 | C5: 3 | D5: 3.36 | E5: 6 | F5: 11 | G5: =E5*F5 -> 66 | H5: =VLOOKUP(A5,fruit_size!$A$2:$E$5,4,FALSE) -> 0.36 | I5: =VLOOKUP(A5,fruit_size!$A$2:$E$5,5,FALSE) -> 0.29 | J5: =(I5-H5)/H5 -> -0.19444444
A6: 1 | B6: 1 | C6: 4 | D6: 2.98 | E6: 6 | F6: 11 | G6: =E6*F6 -> 66 | H6: =VLOOKUP(A6,fruit_size!$A$2:$E$5,4,FALSE) -> 0.36 | I6: =VLOOKUP(A6,fruit_size!$A$2:$E$5,5,FALSE) -> 0.29 | J6: =(I6-H6)/H6 -> -0.19444444
A7: 1 | B7: 1 | C7: 5 | D7: 3.94 | E7: 6 | F7: 11 | G7: =E7*F7 -> 66 | H7: =VLOOKUP(A7,fruit_size!$A$2:$E$5,4,FALSE) -> 0.36 | I7: =VLOOKUP(A7,fruit_size!$A$2:$E$5,5,FALSE) -> 0.29 | J7: =(I7-H7)/H7 -> -0.19444444
A8: 1 | B8: 1 | C8: 6 | D8: 4.64 | E8: 6 | F8: 11 | G8: =E8*F8 -> 66 | H8: =VLOOKUP(A8,fruit_size!$A$2:$E$5,4,FALSE) -> 0.36 | I8: =VLOOKUP(A8,fruit_size!$A$2:$E$5,5,FALSE) -> 0.29 | J8: =(I8-H8)/H8 -> -0.19444444
A9: 1 | B9: 1 | C9: 7 | D9: 4.1 | E9: 6 | F9: 11 | G9: =E9*F9 -> 66 | H9: =VLOOKUP(A9,fruit_size!$A$2:$E$5,4,FALSE) -> 0.36 | I9: =VLOOKUP(A9,fruit_size!$A$2:$E$5,5,FALSE) -> 0.29 | J9: =(I9-H9)/H9 -> -0.19444444
A10: 1 | B10: 1 | C10: 8 | D10: 3.91 | E10: 6 | F10: 11 | G10: =E10*F10 -> 66 | H10: =VLOOKUP(A10,fruit_size!$A$2:$E$5,4,FALSE) -> 0.36 | I10: =VLOOKUP(A10,fruit_size!$A$2:$E$5,5,FALSE) -> 0.29 | J10: =(I10-H10)/H10 -> -0.19444444
A11: 1 | B11: 1 | C11: 9 | D11: 3.01 | E11: 6 | F11: 11 | G11: =E11*F11 -> 66 | H11: =VLOOKUP(A11,fruit_size!$A$2:$E$5,4,FALSE) -> 0.36 | I11: =VLOOKUP(A11,fruit_size!$A$2:$E$5,5,FALSE) -> 0.29 | J11: =(I11-H11)/H11 -> -0.19444444
A12: 1 | B12: 1 | C12: 10 | D12: 2.82 | E12: 6 | F12: 11 | G12: =E12*F12 -> 66 | H12: =VLOOKUP(A12,fruit_size!$A$2:$E$5,4,FALSE) -> 0.36 | I12: =VLOOKUP(A12,fruit_size!$A$2:$E$5,5,FALSE) -> 0.29 | J12: =(I12-H12)/H12 -> -0.19444444
A13: 1 | B13: 1 | C13: 11 | D13: 3.52 | E13: 6 | F13: 11 | G13: =E13*F13 -> 66 | H13: =VLOOKUP(A13,fruit_size!$A$2:$E$5,4,FALSE) -> 0.36 | I13: =VLOOKUP(A13,fruit_size!$A$2:$E$5,5,FALSE) -> 0.29 | J13: =(I13-H13)/H13 -> -0.19444444
A14: 1 | B14: 1 | C14: 12 | D14: 3.77 | E14: 6 | F14: 11 | G14: =E14*F14 -> 66 | H14: =VLOOKUP(A14,fruit_size!$A$2:$E$5,4,FALSE) -> 0.36 | I14: =VLOOKUP(A14,fruit_size!$A$2:$E$5,5,FALSE) -> 0.29 | J14: =(I14-H14)/H14 -> -0.19444444
... A322: 4 | B322: 4 | C322: 15 | D322: 3.5 | E322: 8 | F322: 12 | G322: =E322*F322 -> 96 | H322: =VLOOKUP(A322,fruit_size!$A$2:$E$5,4,FALSE) -> 0.3 | I322: =VLOOKUP(A322,fruit_size!$A$2:$E$5,5,FALSE) -> 0.28 | J322: =(I322-H322)/H322 -> -0.066666667

Sheet fruit_size
A1: fruit | B1: width | C1: length | D1: transpiration | E1: transpiration_after
A2: 1 | B2: 6 | C2: 11 | D2: 0.36 | E2: 0.29
A3: 2 | B3: 8 | C3: 14 | D3: 0.31 | E3: 0.31
A4: 3 | B4: 6 | C4: 12 | D4: 0.34 | E4: 0.29
A5: 4 | B5: 8 | C5: 12 | D5: 0.3 | E5: 0.28
